socks5,region
"88.202.177.242:1085","NL"
"54.38.29.70:13019","FR"
"78.46.200.216:27711","KR"
"78.46.200.216:51099","VN"
"95.216.207.20:16747","HK"
"186.152.76.74:1080","BR"
"181.101.48.217:1080","AR"
"78.46.200.216:30002","TW"
"181.3.68.183:1080","AR"
"67.55.185.240:1888","US"
"178.33.111.210:6252","FR"
"181.102.39.69:1080","US"
"45.77.32.14:31855","SG"
"78.46.200.216:10530","AT"
"3.131.207.170:12331","DE"
"14.102.101.147:1080","IN"
"113.77.87.150:1081","SG"
"186.126.84.34:1080","AR"
"178.32.47.218:25730","FR"
"186.126.26.97:1080","AR"
"113.77.86.123:1081","HK"
"159.65.55.95:1080","GB"
"181.102.34.178:1080","BR"
"72.223.168.86:57481","US"
"181.101.29.17:1080","US"
"121.161.20.23:1080","KR"
"181.3.114.55:1080","BR"
"192.248.190.123:8014","DE"
"181.5.206.159:1080","AR"
"186.126.144.225:1080","AR"
"192.252.209.155:14455","CA"
"153.37.113.53:1080","HK"
"210.16.73.83:1080","PH"
"186.152.73.134:1080","BR"
"186.126.12.13:1080","BR"
"113.77.84.50:1081","SG"
"181.3.67.134:1080","BR"
"181.101.51.96:1080","US"
"43.129.216.53:1080","HK"
"78.46.200.216:14059","RU"
"181.3.109.23:1080","AR"
"186.126.150.176:1080","AR"
"181.3.31.252:1080","BR"
"186.126.138.49:1080","AR"
"181.3.12.14:1080","BR"
"181.3.118.40:1080","BR"
"181.0.12.93:1080","AR"
"213.136.89.190:13492","DE"
"181.101.88.114:1080","BR"
"181.3.27.244:1080","BR"
"181.101.85.191:1080","AR"
"186.126.2.6:1080","AR"
"103.214.171.228:4781","US"
"181.102.161.189:1080","AR"
"181.101.31.97:1080","AR"
"186.126.30.192:1080","AR"
"181.3.28.171:1080","BR"
"181.3.97.28:1080","BR"
"186.126.111.99:1080","US"
"181.5.249.128:1080","AR"
"197.254.84.66:1080","KE"
"186.126.7.23:1080","BR"
"88.202.177.242:1080","NL"
"181.101.97.231:1080","AR"
"181.102.135.72:1080","AR"
"186.126.118.32:1080","AR"
"186.126.106.190:1080","US"
"184.178.172.5:15303","US"
"196.38.150.104:8082","ZA"
"181.101.61.243:1080","AR"
"186.152.80.29:1080","BR"
"181.3.106.2:1080","CL"
"192.252.208.67:14287","CA"
"181.3.4.227:1080","FR"
"178.32.47.218:2266","FR"
"181.129.7.202:6699","CO"
"181.5.244.138:1080","AR"
"186.126.10.248:1080","BR"
"181.6.168.89:1080","US"
"181.3.24.8:1080","AR"
"186.126.172.25:1080","AR"
"181.6.118.228:1080","AR"
"121.161.20.97:1080","KR"
"181.3.71.90:1080","AR"
"186.152.93.225:1080","BR"
"181.102.6.107:1080","US"
"186.152.131.157:1080","AR"
"181.3.68.230:1080","AR"
"13.49.144.251:20017","SE"
"181.3.88.149:1080","AR"
"181.3.48.91:1080","AR"
"181.6.5.25:1080","AR"
"181.101.58.57:1080","AR"
"70.166.167.55:57745","US"
"186.126.48.13:1080","CL"
"181.102.6.138:1080","AR"
"206.189.231.206:37915","US"
"72.223.168.73:57494","US"
"181.7.199.253:1080","AR"
"181.3.88.237:1080","AR"
"181.102.21.225:1080","AR"
"181.7.212.74:1080","AR"
"186.126.70.32:1080","AR"
"181.102.1.201:1080","AR"
"101.32.128.203:1080","SG"
"179.49.57.150:6667","EC"
"181.5.252.188:1080","BR"
"181.6.62.3:1080","AR"
"181.101.44.40:1080","AR"
"186.126.170.14:1080","AR"
"181.3.79.236:1080","CA"
"70.166.167.38:57728","US"
"181.3.72.231:1080","BR"
"184.178.172.18:15280","US"
"186.126.132.111:1080","AR"
"181.102.115.212:1080","AR"
"182.92.169.93:10080","HK"
"116.202.103.223:18377","KR"
"181.3.15.120:1080","AR"
"181.3.37.29:1080","CA"
"186.152.16.196:1080","AR"
"192.111.130.5:17002","CA"
"178.33.111.210:1377","FR"
"116.202.103.223:21721","US"
"181.3.97.152:1080","BR"
"186.126.12.114:1080","AR"
"181.6.241.55:1080","AR"
"186.126.12.238:1080","BR"
"18.139.110.93:53789","SG"
"43.224.10.23:6667","IN"
"181.3.52.119:1080","AR"
"181.101.16.27:1080","CA"
"181.3.7.61:1080","AR"
"181.101.43.53:1080","AR"
"193.70.45.126:32821","FR"
"181.101.39.143:1080","AR"
"181.6.253.172:1080","US"
"181.102.99.56:1080","AR"
"186.152.194.106:1080","BR"
"181.3.33.162:1080","BR"
"181.3.89.201:1080","US"
"43.224.10.25:6667","IN"
"36.152.34.218:31313","JP"
"72.206.181.105:64935","US"
"184.178.172.28:15294","US"
"192.210.231.72:52761","US"
"186.152.124.57:1080","AR"
"186.126.96.19:1080","AR"
"181.101.18.123:1080","AR"
"213.136.89.190:56844","DE"
"181.3.1.4:1080","AR"
"181.101.15.163:1080","AR"
"181.5.251.207:1080","US"
"181.5.199.168:1080","AR"
"186.152.124.6:1080","AR"
"181.3.62.175:1080","BR"
"186.126.16.184:1080","BR"
"206.189.158.28:34847","SG"
"181.3.33.65:1080","AR"
"181.101.49.118:1080","AR"
"192.252.211.197:14921","CA"
"70.185.68.133:4145","US"
"80.73.9.238:1080","UA"
"72.221.164.34:60671","US"
"192.111.129.145:16894","CA"
"186.126.54.77:1080","CA"
"186.152.82.232:1080","AR"
"181.101.47.196:1080","AR"
"181.5.232.254:1080","BR"
"186.126.15.95:1080","AR"
"72.210.252.134:46164","US"
"61.140.162.219:1080","US"
"164.68.107.231:35390","DE"
"181.6.135.144:1080","AR"
"181.3.104.240:1080","AR"
"104.238.97.215:7772","US"
"186.126.100.124:1080","AR"
"192.111.139.165:19402","US"
"181.7.197.159:1080","AR"
"43.224.10.46:6667","IN"
"181.101.54.12:1080","US"
"181.5.252.211:1080","AR"
"181.5.255.18:1080","BR"
"72.221.196.157:35904","US"
"165.22.231.89:10688","CA"
"181.101.58.159:1080","AR"
"206.189.158.28:21471","SG"
"210.16.73.81:1080","PH"
"181.6.2.249:1080","AR"
"181.102.167.88:1080","AR"
"213.136.89.190:51287","DE"
"181.3.69.142:1080","AR"
"192.111.137.37:18762","US"
"192.252.214.20:15864","CA"
"192.111.137.35:4145","US"
"98.162.25.7:31653","US"
"186.126.4.123:1080","AR"
"103.250.158.21:6667","IN"
"181.3.66.113:1080","AR"
"220.248.46.218:1080","JP"
"147.135.116.172:5468","US"
"192.252.215.5:16137","CA"
"186.126.100.52:1080","BR"
"192.210.231.73:40130","US"
"181.6.253.153:1080","AR"
"181.6.55.216:1080","AR"
"95.217.132.133:3503","NL"
"218.249.69.214:1082","US"
"181.6.207.9:1080","BR"
"206.189.158.28:11007","SG"
"95.217.132.133:3428","CH"
"206.189.180.62:7934","US"
"181.3.15.186:1080","BR"
"181.102.151.74:1080","US"
"181.3.54.208:1080","BR"
"181.101.21.1:1080","BR"
"181.5.231.156:1080","BR"
"95.217.132.133:3005","US"
"181.3.52.121:1080","AR"
"181.3.57.69:1080","CA"
"181.101.96.106:1080","BR"
"95.217.132.133:3077","DE"
"186.126.141.142:1080","BR"
"95.217.132.133:3008","CH"
"206.189.158.28:48500","SG"
"192.111.138.29:4145","US"
"186.126.168.11:1080","AR"
"181.102.70.154:1080","AR"
"164.68.107.231:34716","DE"
"206.189.158.28:64028","SG"
"181.102.37.109:1080","AR"
"186.126.38.115:1080","CA"
"186.126.10.21:1080","AR"
"95.217.132.133:3380","DE"
"186.126.68.150:1080","US"
"181.6.255.174:1080","AR"
"184.178.172.13:15311","US"
"181.101.83.37:1080","AR"
"186.126.145.243:1080","CL"
"98.162.25.29:31679","US"
"31.128.248.1:1080","UA"
"181.3.65.135:1080","AR"
"181.6.187.219:1080","AR"
"181.102.45.93:1080","CL"
"186.152.32.135:1080","AR"
"181.102.169.40:1080","BR"
"109.72.231.37:1080","RU"
"181.6.32.169:1080","CA"
"186.126.89.107:1080","CA"
"186.126.2.180:1080","AR"
"181.3.65.56:1080","BR"
"181.3.22.61:1080","AR"
"174.138.63.71:34518","US"
"181.101.16.118:1080","BR"
"150.109.148.234:1234","HK"
"186.152.75.59:1080","US"
"164.68.107.231:31766","DE"
"103.85.232.20:1080","BD"
"103.209.64.19:6667","IN"
"35.206.90.158:1080","US"
"181.3.39.251:1080","BR"
"150.129.151.83:6667","IN"
"164.68.107.231:11279","DE"
"150.129.171.123:6667","IN"
"36.150.108.65:1080","SG"
"206.189.158.28:48751","SG"
"181.101.54.223:1080","US"
"206.189.158.28:15615","SG"
"103.250.157.39:6667","IN"
"31.25.243.40:9119","RU"
"181.6.46.106:1080","AR"
"31.25.243.40:9253","RU"
"181.3.107.235:1080","BR"
"186.126.40.206:1080","AR"
"181.101.36.148:1080","AR"
"181.101.45.197:1080","AR"
"121.36.110.25:5438","HK"
"186.126.152.53:1080","CA"
"181.83.238.245:1080","BR"
"46.101.218.6:43363","DE"
"198.8.94.170:39074","CA"
"144.76.4.84:9150","CH"
"181.3.39.148:1080","AR"
"186.126.148.63:1080","BR"
"181.3.5.141:1080","US"
"144.202.81.169:50005","DE"
"186.126.89.215:1080","AR"
"72.49.49.11:31034","US"
"95.217.132.133:3213","DK"
"208.102.51.6:58208","US"
"176.9.160.118:22836","DE"
"206.189.158.28:32703","SG"
"186.126.53.193:1080","BR"
"186.126.73.65:1080","CA"
"181.3.2.14:1080","CA"
"181.5.255.72:1080","BR"
"95.217.132.133:3367","DE"
"181.101.47.27:1080","AR"
"8.210.163.246:50034","DE"
"181.6.189.125:1080","CL"
"46.151.197.254:8080","UA"
"66.42.224.229:41679","US"
"181.102.165.248:1080","AR"
"181.3.58.223:1080","AR"
"69.61.200.104:36181","US"
"181.3.94.184:1080","AR"
"112.218.231.43:1080","KR"
"54.36.246.232:11380","FR"
"181.3.62.228:1080","BR"
"181.102.48.92:1080","AR"
"137.74.153.106:1080","FR"
"43.224.10.48:6667","IN"
"178.32.47.218:16833","FR"
"181.3.31.60:1080","AR"
"210.16.73.80:1080","PH"
"178.32.47.218:17501","FR"
"103.251.214.167:6667","IN"
"181.6.127.172:1080","US"
"178.32.47.218:22858","FR"
"103.241.227.107:6667","IN"
"8.210.163.246:50010","DK"
"186.126.43.202:1080","BR"
"113.160.188.21:1080","VN"
"181.5.232.97:1080","AR"
"181.3.41.219:1080","BR"
"174.138.63.71:12614","US"
"43.224.10.42:6667","IN"
"43.224.10.32:6667","IN"
"181.3.119.111:1080","BR"
"206.189.158.28:7476","SG"
"186.152.169.183:1080","AR"
"95.217.132.133:3403","NL"
"186.126.148.195:1080","AR"
"206.189.231.206:59706","US"
"206.189.92.74:7777","SG"
"103.241.227.100:6667","IN"
"95.217.132.133:3188","DK"
"95.217.132.133:3150","DE"
"181.5.231.59:1080","BR"
"181.6.170.16:1080","BR"
"181.3.21.204:1080","AR"
"186.126.18.200:1080","AR"
"181.5.206.2:1080","CA"
"95.179.164.28:8003","ES"
"181.6.5.38:1080","AR"
"181.101.87.180:1080","BR"
"24.249.199.14:57335","US"
"135.181.179.214:51154","FI"
"186.126.5.106:1080","AR"
"43.224.10.26:6667","IN"
"95.217.132.133:3572","DK"
"117.85.49.233:10801","US"
"54.38.157.22:9999","DE"
"31.25.243.40:9303","RU"
"51.83.190.248:19050","DK"
"186.126.102.25:1080","BR"
"181.3.107.159:1080","AR"
"31.25.243.40:9299","RU"
"181.101.54.208:1080","BR"
"186.152.34.250:1080","BR"
"213.136.89.190:16517","DE"
"142.93.138.78:11508","NL"
"181.101.44.202:1080","AR"
"95.217.132.133:3240","SG"
"186.126.168.218:1080","AR"
"178.62.136.189:51423","NL"
"186.126.121.136:1080","AR"
"186.126.81.38:1080","US"
"181.6.172.53:1080","CA"
"95.217.132.133:3391","DK"
"104.248.63.15:30588","DK"
"95.217.27.5:2223","DE"
"95.217.132.133:3399","DE"
"103.216.82.37:6667","IN"
"146.185.132.87:59746","NL"
"181.3.50.26:1080","BR"
"206.189.231.206:39403","US"
"206.189.158.28:47419","SG"
"95.179.164.28:8015","CA"
"27.116.51.85:6667","IN"
"31.25.243.40:9391","RU"
"181.102.106.183:1080","BR"
"101.132.120.74:1080","US"
"213.136.89.190:4374","DE"
"181.101.30.32:1080","US"
"31.25.243.40:9456","RU"
"181.5.194.7:1080","BR"
"181.3.10.138:1080","AR"
"95.217.132.133:3438","NL"
"181.7.203.129:1080","AR"
"8.210.163.246:50011","DK"
"181.6.64.112:1080","CL"
"213.136.89.190:34843","DE"
"186.126.130.21:1080","AR"
"95.217.132.133:3552","DK"
"181.102.119.119:1080","AR"
"166.111.185.80:7079","JP"
"31.25.243.40:9340","RU"
"142.93.247.244:9050","SG"
"161.35.137.49:28005","US"
"210.16.73.85:1080","PH"
"186.126.153.156:1080","AR"
"95.217.132.133:3054","DE"
"181.101.63.254:1080","BR"
"150.129.201.30:6667","IN"
"178.62.79.115:1790","GB"
"192.111.135.18:18301","US"
"186.126.18.193:1080","US"
"103.241.227.98:6667","IN"
"185.217.1.30:443","DE"
"95.217.132.133:3006","DE"
"112.80.171.74:1080","JP"
"186.152.92.208:1080","AR"
"142.93.245.214:30588","DK"
"165.22.17.195:5110","DE"
"181.101.83.93:1080","AR"
"157.119.207.36:6667","IN"
"176.58.100.26:27016","GB"
"186.126.103.111:1080","AR"
"151.106.34.139:1080","FR"
"181.5.192.108:1080","AR"
"95.107.37.109:3109","RU"
"181.3.26.81:1080","BR"
"95.216.181.107:9060","DK"
"181.3.4.62:1080","AR"
"5.56.134.237:45698","IR"
"111.75.52.124:9999","CN"
"111.1.36.132:9053","CN"
"117.69.62.150:3000","CN"
"119.28.142.220:1080","CN"
"115.238.101.42:9053","CN"
"134.175.90.111:8889","CN"
"36.27.223.70:49327","CN"
"106.122.195.126:3000","CN"
"115.238.101.39:9053","CN"
"110.90.221.7:57114","CN"
"166.111.139.122:7890","CN"
"36.27.223.70:64609","CN"
"182.38.126.148:57114","CN"
"14.115.205.129:4216","CN"
"115.221.41.21:3000","CN"
"125.87.93.8:57114","CN"
"115.221.40.157:1080","CN"
"59.61.160.220:16790","CN"
"106.122.194.134:3000","CN"
"125.87.86.240:57114","CN"
"36.27.223.80:30093","CN"
"117.35.252.221:3000","CN"
"115.238.101.41:9053","CN"
"1.15.244.78:1080","CN"
"39.102.54.119:1080","CN"
"202.107.233.123:3010","CN"
"111.207.178.233:12080","CN"
"125.87.90.211:57114","CN"
"117.35.249.215:3000","CN"
"60.179.226.14:3000","CN"
"117.35.254.56:3000","CN"
"117.35.253.54:3000","CN"
"60.179.176.225:3000","CN"
"166.111.74.223:7078","CN"
"166.111.74.204:7078","CN"
"117.35.252.80:3000","CN"
"117.35.249.234:3000","CN"
"111.1.36.134:9053","CN"
"111.1.36.135:9053","CN"
"36.94.126.50:1080","ID"
"125.87.87.160:57114","CN"
"125.87.89.107:57114","CN"
"60.179.227.129:3000","CN"
"182.134.156.210:57114","CN"
"118.24.221.233:8001","CN"
"115.233.222.244:1080","CN"
"117.35.255.2:3000","CN"
"117.35.254.166:3000","CN"
"125.87.89.37:57114","CN"
"36.89.86.49:56845","ID"
"60.179.177.78:3000","CN"
"112.124.1.196:9999","CN"
"59.61.160.24:16790","CN"
"60.179.226.208:3000","CN"
"103.224.103.116:1080","ID"
"166.111.83.217:7890","CN"
"60.179.177.109:3000","CN"
"117.35.252.103:3000","CN"
"117.35.252.104:3000","CN"
"36.27.223.70:19836","CN"
"117.35.255.176:3000","CN"
"36.27.223.70:33733","CN"
"60.179.178.10:3000","CN"
"222.74.65.122:7302","CN"
"36.27.223.80:30588","CN"
"60.179.179.121:3000","CN"
"113.128.140.231:1080","CN"
"111.207.178.232:12080","CN"
"47.101.195.97:3129","CN"
"111.207.178.235:12080","CN"
"43.128.3.196:1089","CN"